{
    "providers": [
    {
        "type": "space",
        "advances": {
            "\uE999": -1,
            "\uE998": -7,

            "\uEa00": 200,

            "\uEa01": -184,
            "\uEa02": -190,
            "\uEa03": -176,
            "\uEa05": -200,

            "\uEa08": -200,
            "\uEa09": -78,

            "\uEa11": -250,
            "\uEa12": -245,
            "\uEa13": -91,
            "\uEa14": -98,
            "\uEa21": 24,
            
            "\uEa40": -25,

            "\uEa41": -98,
            "\uEa42": -98,


            "\uEb01": 86

        }
    },

	{"type": "bitmap","height":  128, "ascent": -100,"chars": ["\uEC00"],
     "file": "minecraft:gui/interfaces/ghost.png"},

    
	{"type": "bitmap","height":  91, "ascent": 23,"chars": ["\uEC01"],
     "file": "minecraft:gui/interfaces/chests/chest.png"},

    {"type": "bitmap","height": 106, "ascent": 23,"chars": ["\uEC02"],
     "file": "minecraft:gui/interfaces/chests/chest_minecart.png"},

    {"type": "bitmap","height":  85, "ascent": 14,"chars": ["\uEC03"],
     "file": "minecraft:gui/interfaces/chests/barrel.png"},

    {"type": "bitmap","height":  91, "ascent": 23,"chars": ["\uEC04"],
     "file": "minecraft:gui/interfaces/chests/ender_chest.png"},

    {"type": "bitmap","height": 159, "ascent": 34,"chars": ["\uEC05"],
     "file": "minecraft:gui/interfaces/chests/large_chest.png"},

    {
        "type": "bitmap",
        "file": "minecraft:gui/interfaces/hopper_minecart.png",
        "height": 71, "ascent": 14,
        "chars": ["\uEC08"]
    },
    { 
        "type": "bitmap",
        "file": "minecraft:gui/interfaces/dispenser_block.png",
        "height": 112, "ascent": 45,
        "chars": ["\uEc09"]
    },
    { 
        "type": "bitmap",
        "file": "minecraft:gui/interfaces/dropper_block.png",
        "height": 112, "ascent": 45,
        "chars": ["\uEc10"]
    },


    {"type": "bitmap","height": 174, "ascent": 23,"chars": ["\uEc11"],
        "file": "minecraft:gui/interfaces/chests/boat_oak.png"},

    {"type": "bitmap","height": 174, "ascent": 23,"chars": ["\uEc12"],
        "file": "minecraft:gui/interfaces/chests/boat_spruce.png"},

    {"type": "bitmap","height": 174, "ascent": 23,"chars": ["\uEc13"],
        "file": "minecraft:gui/interfaces/chests/boat_birch.png"},

    {"type": "bitmap","height": 174, "ascent": 23,"chars": ["\uEc14"],
        "file": "minecraft:gui/interfaces/chests/boat_dark_oak.png"},

    {"type": "bitmap","height": 174, "ascent": 23,"chars": ["\uEc15"],
        "file": "minecraft:gui/interfaces/chests/boat_acacia.png"},

    {"type": "bitmap","height": 174, "ascent": 23,"chars": ["\uEc16"],
        "file": "minecraft:gui/interfaces/chests/boat_jungle.png"},

    {"type": "bitmap","height": 174, "ascent": 23,"chars": ["\uEc17"],
        "file": "minecraft:gui/interfaces/chests/boat_mangrove.png"},

    {"type": "bitmap","height": 174, "ascent": 23,"chars": ["\uEc18"],
        "file": "minecraft:gui/interfaces/chests/boat_cherry.png"},

    {"type": "bitmap","height": 174, "ascent": 23,"chars": ["\uEc19"],
        "file": "minecraft:gui/interfaces/chests/boat_bamboo.png"},

    {"type": "bitmap","height": 174, "ascent": 23,"chars": ["\uEc20"],
        "file": "minecraft:gui/interfaces/chests/boat_pale.png"},






    
    {"type": "bitmap", "height": 28, "ascent": -88, "chars": ["\uEc21"],
        "file": "minecraft:gui/interfaces/beacon_curtain.png"},
    {"type": "bitmap", "height": 183, "ascent": 42, "chars": ["\uEc22"],
        "file": "minecraft:gui/interfaces/beacon_glow.png"},



    {"type": "bitmap","height": 120, "ascent": 120,"chars": ["\uEc23"],
        "file": "minecraft:gui/interfaces/command_00.png"},

    {"type": "bitmap","height": 120, "ascent": 120,"chars": ["\uEc24"],
        "file": "minecraft:gui/interfaces/command_01.png"},

    {"type": "bitmap","height": 171, "ascent": 171,"chars": ["\uEc25"],
        "file": "minecraft:gui/interfaces/command_10.png"},

    {"type": "bitmap","height": 171, "ascent": 171,"chars": ["\uEc26"],
        "file": "minecraft:gui/interfaces/command_11.png"},

    
    {"type": "bitmap","height": 120, "ascent": 120,"chars": ["\uEc27"],
        "file": "minecraft:gui/interfaces/chain_command_00.png"},
        
    {"type": "bitmap","height": 120, "ascent": 120,"chars": ["\uEc28"],
        "file": "minecraft:gui/interfaces/chain_command_01.png"},

    {"type": "bitmap","height": 171, "ascent": 171,"chars": ["\uEc29"],
        "file": "minecraft:gui/interfaces/chain_command_10.png"},

    {"type": "bitmap","height": 171, "ascent": 171,"chars": ["\uEc30"],
        "file": "minecraft:gui/interfaces/chain_command_11.png"},

    
    {"type": "bitmap","height": 120, "ascent": 120,"chars": ["\uEc31"],
        "file": "minecraft:gui/interfaces/repeat_command_00.png"},
        
    {"type": "bitmap","height": 120, "ascent": 120,"chars": ["\uEc32"],
        "file": "minecraft:gui/interfaces/repeat_command_01.png"},

    {"type": "bitmap","height": 171, "ascent": 171,"chars": ["\uEc33"],
        "file": "minecraft:gui/interfaces/repeat_command_10.png"},

    {"type": "bitmap","height": 171, "ascent": 171,"chars": ["\uEc34"],
        "file": "minecraft:gui/interfaces/repeat_command_11.png"},


    {"type": "bitmap","height": 36, "ascent": -17,"chars": ["\uEc35"],
        "file": "minecraft:gui/interfaces/comm_active2.png"},
        
    {"type": "bitmap","height": 22, "ascent": 14,"chars": ["\uEc36"],
        "file": "minecraft:gui/interfaces/comm_active1.png"},
    {"type": "bitmap","height": 22, "ascent": 14,"chars": ["\uEc37"],
        "file": "minecraft:gui/interfaces/comm_conditional.png"},
    {"type": "bitmap","height": 22, "ascent": 14,"chars": ["\uEc38"],
        "file": "minecraft:gui/interfaces/comm_unconditional.png"},
    {"type": "bitmap","height": 22, "ascent": 14,"chars": ["\uEc39"],
        "file": "minecraft:gui/interfaces/comm_redstone.png"},

    {"type": "bitmap","height": 36, "ascent": -17,"chars": ["\uEc40"],
        "file": "minecraft:gui/interfaces/trust_itworks.png"},
        

    {"type": "bitmap","height": 37, "ascent": -1,"chars": ["\uEc41"],
        "file": "minecraft:gui/interfaces/door_blast_furnace.png"},

    {"type": "bitmap","height": 37, "ascent": -1,"chars": ["\uEc42"],
        "file": "minecraft:gui/interfaces/door_smoker.png"},


    {"type": "bitmap",
        "file": "minecraft:gui/interfaces/trades.png",
        "height": 142, "ascent": -4,
        "chars": ["\uEe00"]
    },

    {"type": "bitmap","height": 64, "ascent": 17,"chars": ["\uEe01"],
        "file": "minecraft:gui/interfaces/villager/shopkeeper.png"}
    ]
}